{
  "n_rss": 385,
  "n_buildings": 3,
  "n_floors": 5,
  "n_points": 199,
  "num_examples": 842,
  "num_test_examples": 211,
  "lo_mean": 50.34136962890625,
  "lo_std": 18.489877700805664,
  "la_mean": 54.52742004394531,
  "la_std": 20.10239028930664,
  "building_mapping": {
    "sea": 0,
    "seb": 1,
    "sec": 2
  },
  "floor_mapping": {
    "1": 0,
    "2": 1,
    "3": 2,
    "4": 3,
    "5": 4
  },
  "point_mapping": {
    "SEA101": 0,
    "SEA102": 1,
    "SEA103": 2,
    "SEA104": 3,
    "SEA105": 4,
    "SEA107": 5,
    "SEA108": 6,
    "SEA109": 7,
    "SEA110": 8,
    "SEA111": 9,
    "SEA112": 10,
    "SEA113": 11,
    "SEA114": 12,
    "SEA115": 13,
    "SEA116": 14,
    "SEA1F_CORRIDOR": 15,
    "SEA201": 16,
    "SEA202": 17,
    "SEA203": 18,
    "SEA205": 19,
    "SEA206": 20,
    "SEA207": 21,
    "SEA208": 22,
    "SEA209": 23,
    "SEA210": 24,
    "SEA211": 25,
    "SEA212": 26,
    "SEA213": 27,
    "SEA214": 28,
    "SEA2F_CORRIDOR": 29,
    "SEA301": 30,
    "SEA302": 31,
    "SEA303": 32,
    "SEA304": 33,
    "SEA305": 34,
    "SEA306": 35,
    "SEA307": 36,
    "SEA308": 37,
    "SEA309": 38,
    "SEA310": 39,
    "SEA311": 40,
    "SEA312": 41,
    "SEA313": 42,
    "SEA314": 43,
    "SEA315": 44,
    "SEA316": 45,
    "SEA3F_CORRIDOR": 46,
    "SEA401": 47,
    "SEA403": 48,
    "SEA404": 49,
    "SEA407": 50,
    "SEA408": 51,
    "SEA409": 52,
    "SEA410": 53,
    "SEA411": 54,
    "SEA412": 55,
    "SEA413": 56,
    "SEA414": 57,
    "SEA415": 58,
    "SEA416": 59,
    "SEA417": 60,
    "SEA4F_CORRIDOR": 61,
    "SEA501": 62,
    "SEA504": 63,
    "SEA505": 64,
    "SEA507": 65,
    "SEA509": 66,
    "SEA510": 67,
    "SEA511": 68,
    "SEA512": 69,
    "SEA513": 70,
    "SEA514": 71,
    "SEA515": 72,
    "SEA516": 73,
    "SEA5F_CORRIDOR": 74,
    "SEB101": 75,
    "SEB102": 76,
    "SEB103": 77,
    "SEB104": 78,
    "SEB105": 79,
    "SEB106": 80,
    "SEB107": 81,
    "SEB108": 82,
    "SEB1F_CORRIDOR": 83,
    "SEB201": 84,
    "SEB202": 85,
    "SEB203": 86,
    "SEB204": 87,
    "SEB205": 88,
    "SEB206": 89,
    "SEB207": 90,
    "SEB208": 91,
    "SEB2F_CORRIDOR": 92,
    "SEB301": 93,
    "SEB302": 94,
    "SEB303": 95,
    "SEB304": 96,
    "SEB305": 97,
    "SEB306": 98,
    "SEB307": 99,
    "SEB308": 100,
    "SEB309": 101,
    "SEB310": 102,
    "SEB401": 103,
    "SEB402": 104,
    "SEB403": 105,
    "SEB404": 106,
    "SEB405": 107,
    "SEB406": 108,
    "SEB407": 109,
    "SEB408": 110,
    "SEB409": 111,
    "SEB410": 112,
    "SEB411": 113,
    "SEB412": 114,
    "SEB413": 115,
    "SEB414": 116,
    "SEB415": 117,
    "SEB416": 118,
    "SEB4F_CORRIDOR": 119,
    "SEC101": 120,
    "SEC102": 121,
    "SEC103": 122,
    "SEC104": 123,
    "SEC105": 124,
    "SEC106": 125,
    "SEC107": 126,
    "SEC108": 127,
    "SEC109": 128,
    "SEC110": 129,
    "SEC111": 130,
    "SEC112": 131,
    "SEC1F_CORRIDOR": 132,
    "SEC201": 133,
    "SEC202": 134,
    "SEC203": 135,
    "SEC204": 136,
    "SEC205": 137,
    "SEC206": 138,
    "SEC207": 139,
    "SEC208": 140,
    "SEC209": 141,
    "SEC210": 142,
    "SEC211": 143,
    "SEC212": 144,
    "SEC213": 145,
    "SEC214": 146,
    "SEC215": 147,
    "SEC216": 148,
    "SEC217": 149,
    "SEC218": 150,
    "SEC219": 151,
    "SEC220": 152,
    "SEC221": 153,
    "SEC2F_CORRIDOR": 154,
    "SEC301": 155,
    "SEC302": 156,
    "SEC303": 157,
    "SEC304": 158,
    "SEC305": 159,
    "SEC308": 160,
    "SEC309": 161,
    "SEC310": 162,
    "SEC311": 163,
    "SEC312": 164,
    "SEC313": 165,
    "SEC401": 166,
    "SEC402": 167,
    "SEC403": 168,
    "SEC404": 169,
    "SEC405": 170,
    "SEC406": 171,
    "SEC407": 172,
    "SEC408": 173,
    "SEC409": 174,
    "SEC410": 175,
    "SEC411": 176,
    "SEC412": 177,
    "SEC413": 178,
    "SEC414": 179,
    "SEC415": 180,
    "SEC416": 181,
    "SEC417": 182,
    "SEC418": 183,
    "SEC419": 184,
    "SEC420": 185,
    "SEC4F_CORRIDOR": 186,
    "SEC501": 187,
    "SEC502": 188,
    "SEC503": 189,
    "SEC504": 190,
    "SEC505": 191,
    "SEC506": 192,
    "SEC507": 193,
    "SEC508": 194,
    "SEC509": 195,
    "SEC510": 196,
    "SEC511": 197,
    "SEC5F_CORRIDOR": 198
  }
}