{
    "building_counts": {
        "building_ids": [
            0,
            1,
            2
        ],
        "counts": [
            477,
            279,
            297
        ]
    },
    "building_imbalance": {
        "min_count": 279,
        "max_count": 477,
        "imbalance_ratio": 1.7096774193548387
    },
    "building_signal_quality": {
        "0": {
            "missing_rate": 0.9498162215143348,
            "mean_signal": -70.04622650146484,
            "std_signal": 13.927300453186035,
            "sample_count": 477
        },
        "1": {
            "missing_rate": 0.9197598100823907,
            "mean_signal": -74.05122375488281,
            "std_signal": 12.955853462219238,
            "sample_count": 279
        },
        "2": {
            "missing_rate": 0.9326511871966418,
            "mean_signal": -70.6015396118164,
            "std_signal": 13.648666381835938,
            "sample_count": 297
        }
    },
    "important_aps": [
        {
            "ap_idx": 359,
            "importance": 155.6287718176609,
            "building_means": [
                -100.0,
                -89.0,
                -58.44230651855469
            ]
        },
        {
            "ap_idx": 295,
            "importance": 142.59375,
            "building_means": [
                -89.0,
                -59.75,
                -100.0
            ]
        },
        {
            "ap_idx": 297,
            "importance": 127.21964769240245,
            "building_means": [
                -100.0,
                -60.37179183959961,
                -88.0
            ]
        },
        {
            "ap_idx": 202,
            "importance": 118.69393512141929,
            "building_means": [
                -100.0,
                -62.31360626220703,
                -89.0
            ]
        },
        {
            "ap_idx": 8,
            "importance": 116.6500372197479,
            "building_means": [
                -100.0,
                -62.54437255859375,
                -89.0
            ]
        },
        {
            "ap_idx": 105,
            "importance": 109.15602704979634,
            "building_means": [
                -100.0,
                -62.40827941894531,
                -88.0
            ]
        },
        {
            "ap_idx": 75,
            "importance": 106.54697224532961,
            "building_means": [
                -100.0,
                -89.0,
                -63.71597671508789
            ]
        },
        {
            "ap_idx": 6,
            "importance": 104.12089532862106,
            "building_means": [
                -89.0,
                -64.0054931640625,
                -100.0
            ]
        },
        {
            "ap_idx": 103,
            "importance": 103.89206252375152,
            "building_means": [
                -89.0,
                -64.03297424316406,
                -100.0
            ]
        },
        {
            "ap_idx": 210,
            "importance": 102.68165868552751,
            "building_means": [
                -65.17884063720703,
                -90.0,
                -100.0
            ]
        },
        {
            "ap_idx": 200,
            "importance": 102.57021288900674,
            "building_means": [
                -89.0,
                -64.19231414794922,
                -100.0
            ]
        },
        {
            "ap_idx": 20,
            "importance": 100.72737044296082,
            "building_means": [
                -61.91617965698242,
                -86.5,
                -100.0
            ]
        },
        {
            "ap_idx": 117,
            "importance": 94.06671730941162,
            "building_means": [
                -62.242889404296875,
                -86.0,
                -100.0
            ]
        },
        {
            "ap_idx": 309,
            "importance": 93.664074041301,
            "building_means": [
                -62.29378890991211,
                -86.0,
                -100.0
            ]
        },
        {
            "ap_idx": 294,
            "importance": 91.34763058438935,
            "building_means": [
                -90.0,
                -66.5887680053711,
                -100.0
            ]
        },
        {
            "ap_idx": 133,
            "importance": 89.99893395618224,
            "building_means": [
                -66.76223754882812,
                -90.0,
                -100.0
            ]
        },
        {
            "ap_idx": 214,
            "importance": 84.80320763033038,
            "building_means": [
                -63.44297790527344,
                -86.0,
                -100.0
            ]
        },
        {
            "ap_idx": 163,
            "importance": 84.64667218985656,
            "building_means": [
                -87.0,
                -64.46380615234375,
                -100.0
            ]
        },
        {
            "ap_idx": 120,
            "importance": 79.67106996759927,
            "building_means": [
                -68.13618469238281,
                -90.0,
                -100.0
            ]
        },
        {
            "ap_idx": 66,
            "importance": 78.52419872350097,
            "building_means": [
                -86.0,
                -64.29412078857422,
                -100.0
            ]
        }
    ]
}