[
    {
        "id": "3dd13282-3411-4b0a-b492-28417a641f97",
        "name": "sec112",
        "x": 31.297901153564453,
        "y": 83.31011199951172,
        "imageId": 2131165295
    },
    {
        "id": "4ca7ea22-7b60-4e59-8a11-de60f79feec5",
        "name": "sec111f",
        "x": 42.17558670043945,
        "y": 82.67748260498047,
        "imageId": 2131165295
    },
    {
        "id": "c10dd74d-783c-4deb-832b-b461b1dc2310",
        "name": "sec111b",
        "x": 43.05496597290039,
        "y": 88.41331481933594,
        "imageId": 2131165295
    },
    {
        "id": "fb69bc6e-84ac-48d4-ad31-93401823f5df",
        "name": "sec110f",
        "x": 47.11360168457031,
        "y": 81.99949645996094,
        "imageId": 2131165295
    },
    {
        "id": "ba62d2f8-f0bc-428a-985d-4f05a5974dda",
        "name": "sec101",
        "x": 53.858638763427734,
        "y": 79.76398468017578,
        "imageId": 2131165295
    },
    {
        "id": "cb573c08-7ee8-4f1e-8749-7072ccf991cc",
        "name": "sec110b",
        "x": 55.860633850097656,
        "y": 81.97007751464844,
        "imageId": 2131165295
    },
    {
        "id": "cb9cb079-95f0-4b98-a585-b58f6b494dca",
        "name": "sec109",
        "x": 57.482391357421875,
        "y": 81.64453125,
        "imageId": 2131165295
    },
    {
        "id": "424bac0f-7fd2-4fbc-b976-ba9379181cf1",
        "name": "sec102f",
        "x": 56.883663177490234,
        "y": 79.9090805053711,
        "imageId": 2131165295
    },
    {
        "id": "376739e1-b3e1-4611-9852-c4f485e47021",
        "name": "sec108",
        "x": 60.943782806396484,
        "y": 81.4974594116211,
        "imageId": 2131165295
    },
    {
        "id": "c3f2af04-1bb9-4b5a-8bdb-ddcb9ffac5df",
        "name": "sec102b",
        "x": 63.0668830871582,
        "y": 79.71481323242188,
        "imageId": 2131165295
    },
    {
        "id": "26dab82e-3dd3-46eb-9007-30ffffbb8638",
        "name": "sec107f",
        "x": 64.7601547241211,
        "y": 81.7297134399414,
        "imageId": 2131165295
    },
    {
        "id": "c9091d2b-2399-43ea-94b9-cd07d8306fa4",
        "name": "sec103f",
        "x": 65.35888671875,
        "y": 79.84718322753906,
        "imageId": 2131165295
    },
    {
        "id": "105955df-02f8-4f73-875d-750c6a57c766",
        "name": "sec103b",
        "x": 70.23289489746094,
        "y": 79.83248138427734,
        "imageId": 2131165295
    },
    {
        "id": "b1153dc6-2360-4e29-82ae-eb3f2b1a2a4c",
        "name": "sec107b",
        "x": 71.50485229492188,
        "y": 81.60088348388672,
        "imageId": 2131165295
    },
    {
        "id": "620b59f7-342c-4b84-85b1-f2222f304125",
        "name": "sec104f",
        "x": 82.47122192382812,
        "y": 79.19624328613281,
        "imageId": 2131165295
    },
    {
        "id": "86f83efa-b49e-4af5-9e5f-a4a7811f1b1c",
        "name": "sec106",
        "x": 82.17730712890625,
        "y": 81.4611587524414,
        "imageId": 2131165295
    },
    {
        "id": "789ec331-f272-4241-afd6-d6eb73805012",
        "name": "sec105",
        "x": 90.61561584472656,
        "y": 82.97599792480469,
        "imageId": 2131165295
    },
    {
        "id": "c910e8be-96b8-4e11-9c7c-107266a1c8dc",
        "name": "seb108f",
        "x": 44.061641693115234,
        "y": 70.91503143310547,
        "imageId": 2131165295
    },
    {
        "id": "726f7d80-a955-438e-8403-9bd792bb37a1",
        "name": "seb108b",
        "x": 45.549102783203125,
        "y": 64.25264739990234,
        "imageId": 2131165295
    },
    {
        "id": "11458d93-9490-4e58-8a4b-a230e979c9b1",
        "name": "seb103",
        "x": 41.30967712402344,
        "y": 53.41679382324219,
        "imageId": 2131165295
    },
    {
        "id": "2ecebedb-cf39-4974-9275-784fd4d3e1a1",
        "name": "seb107-a",
        "x": 47.41659927368164,
        "y": 53.864097595214844,
        "imageId": 2131165295
    },
    {
        "id": "d6686cbf-e3b1-418c-8402-b87e79a19736",
        "name": "seb104f",
        "x": 46.36882781982422,
        "y": 52.11393356323242,
        "imageId": 2131165295
    },
    {
        "id": "91a90228-40ae-4392-b350-aa91cb9267fd",
        "name": "seb104b",
        "x": 53.48806381225586,
        "y": 49.775474548339844,
        "imageId": 2131165295
    },
    {
        "id": "8a26ea78-8289-44b5-8ad0-8046eee736dd",
        "name": "seb107-b",
        "x": 55.375343322753906,
        "y": 51.36121368408203,
        "imageId": 2131165295
    },
    {
        "id": "56a2b189-d4bb-4a5e-b30e-d49efca86e2a",
        "name": "seb106f",
        "x": 57.70476531982422,
        "y": 50.68468475341797,
        "imageId": 2131165295
    },
    {
        "id": "27a67368-f1de-4da4-a8ac-0f2832568997",
        "name": "seb105f",
        "x": 56.89087677001953,
        "y": 49.12571716308594,
        "imageId": 2131165295
    },
    {
        "id": "86f08c6c-d732-4dea-880f-7a7e5bdbb27b",
        "name": "seb105b",
        "x": 64.67432403564453,
        "y": 46.86079788208008,
        "imageId": 2131165295
    },
    {
        "id": "acdb893c-0f02-4b55-a1b1-58a401137420",
        "name": "seb106b",
        "x": 66.13372802734375,
        "y": 48.33152770996094,
        "imageId": 2131165295
    },
    {
        "id": "07851318-662c-4e0c-8bf9-334e3c2caded",
        "name": "sea101",
        "x": 13.271364212036133,
        "y": 36.39988708496094,
        "imageId": 2131165295
    },
    {
        "id": "8332079e-e4a5-4bd0-a407-6755d51fbed5",
        "name": "sea102",
        "x": 20.14449119567871,
        "y": 29.89427947998047,
        "imageId": 2131165295
    },
    {
        "id": "f3bbe182-83ef-47fa-9798-5622226e3581",
        "name": "sea116f",
        "x": 25.676191329956055,
        "y": 31.022167205810547,
        "imageId": 2131165295
    },
    {
        "id": "9cf23f08-72a9-43ba-8f8c-fda21dc66cd4",
        "name": "sea103f",
        "x": 23.82387924194336,
        "y": 28.580760955810547,
        "imageId": 2131165295
    },
    {
        "id": "82a117d2-a3c7-413f-9795-f24d7cadac13",
        "name": "sea116b",
        "x": 29.146940231323242,
        "y": 29.036685943603516,
        "imageId": 2131165295
    },
    {
        "id": "241a4cc0-f2fe-4b27-abec-0e1d62e95530",
        "name": "sea115",
        "x": 30.392396926879883,
        "y": 28.55086326599121,
        "imageId": 2131165295
    },
    {
        "id": "23e8a057-48b0-44f4-a771-cdd8ab9837ea",
        "name": "sea114",
        "x": 32.68525314331055,
        "y": 27.297943115234375,
        "imageId": 2131165295
    },
    {
        "id": "7d98beb3-40bb-4ca5-8eec-3f80b21c98a7",
        "name": "sea103b",
        "x": 31.046024322509766,
        "y": 24.88923454284668,
        "imageId": 2131165295
    },
    {
        "id": "21f79e66-7c16-4f2c-b3c1-9eb1f312e65c",
        "name": "sea113",
        "x": 35.183067321777344,
        "y": 26.106653213500977,
        "imageId": 2131165295
    },
    {
        "id": "aa85e484-3edb-4e3a-8638-88017fbda2c5",
        "name": "sea104",
        "x": 36.26740646362305,
        "y": 22.947391510009766,
        "imageId": 2131165295
    },
    {
        "id": "f3e2c1f1-e6eb-4732-a40d-ed86c1cbec25",
        "name": "sea112",
        "x": 37.269256591796875,
        "y": 24.95948600769043,
        "imageId": 2131165295
    },
    {
        "id": "1240b689-4509-4869-9874-748c1243be9d",
        "name": "sea111",
        "x": 39.233829498291016,
        "y": 23.429933547973633,
        "imageId": 2131165295
    },
    {
        "id": "7aa677b6-f930-4ae7-bbb9-7f25e374396d",
        "name": "sea105f",
        "x": 37.82120895385742,
        "y": 21.650352478027344,
        "imageId": 2131165295
    },
    {
        "id": "00353bc2-33d3-454f-a2c3-ade64f356b52",
        "name": "sea110",
        "x": 41.63809585571289,
        "y": 22.31218147277832,
        "imageId": 2131165295
    },
    {
        "id": "3e9f303e-d36b-4db6-a327-ad88200990a2",
        "name": "sea109",
        "x": 43.92074203491211,
        "y": 21.35620880126953,
        "imageId": 2131165295
    },
    {
        "id": "a9ada4d5-8ede-4fa8-8d85-7516fdde9b2f",
        "name": "sea105b",
        "x": 44.940452575683594,
        "y": 17.87058448791504,
        "imageId": 2131165295
    },
    {
        "id": "7f57c015-9505-4570-a0ee-06e58dbefee6",
        "name": "sea108",
        "x": 45.88531494140625,
        "y": 20.238454818725586,
        "imageId": 2131165295
    },
    {
        "id": "a9de740a-a1c0-4f08-b23a-3ba71a7f9d67",
        "name": "sea107r",
        "x": 52.890830993652344,
        "y": 16.73154067993164,
        "imageId": 2131165295
    },
    {
        "id": "3edc6cc7-4dc4-4b89-87c0-89cecf58357b",
        "name": "sea107left",
        "x": 53.39600372314453,
        "y": 12.71645736694336,
        "imageId": 2131165295
    },
    {
        "id": "3b401f23-4064-4dab-8b45-8cb597201ec2",
        "name": "seb101",
        "x": 23.815876007080078,
        "y": 61.124855041503906,
        "imageId": 2131165295
    },
    {
        "id": "aad4034b-a0fe-4728-aa0b-7f2bf8da5aa6",
        "name": "seb102",
        "x": 24.330406188964844,
        "y": 57.81572341918945,
        "imageId": 2131165295
    },
    {
        "id": "4967b038-44fc-44bf-804a-e37051280511",
        "name": "sec218",
        "x": 37.13917541503906,
        "y": 83.12316131591797,
        "imageId": 2131165296
    },
    {
        "id": "bab8e3cb-7eda-4b64-9c2c-f702a9a8e292",
        "name": "sec217",
        "x": 37.728912353515625,
        "y": 84.5806884765625,
        "imageId": 2131165296
    },
    {
        "id": "c7e23303-6397-41a8-92a4-05e4116fcb50",
        "name": "sec215",
        "x": 48.57292175292969,
        "y": 86.13847351074219,
        "imageId": 2131165296
    },
    {
        "id": "a5ebed33-48c6-42e5-a937-e18adc323f1d",
        "name": "sec216",
        "x": 48.82587814331055,
        "y": 89.62120056152344,
        "imageId": 2131165296
    },
    {
        "id": "f8b43d1c-5202-40a3-8bd8-2a5b040a5ded",
        "name": "sec214",
        "x": 51.61960220336914,
        "y": 85.13485717773438,
        "imageId": 2131165296
    },
    {
        "id": "59099530-6927-4712-b7fa-ac0ec754014a",
        "name": "sec213",
        "x": 54.644264221191406,
        "y": 85.21548461914062,
        "imageId": 2131165296
    },
    {
        "id": "0c74daa6-65bd-4c2c-917f-51c7302f1080",
        "name": "sec212",
        "x": 57.12031173706055,
        "y": 85.23062133789062,
        "imageId": 2131165296
    },
    {
        "id": "322288d5-ec0c-41ed-b78e-ae7b176d53e9",
        "name": "sec211",
        "x": 59.85283660888672,
        "y": 85.10965728759766,
        "imageId": 2131165296
    },
    {
        "id": "e4511067-5298-4c28-9ebd-cca2099f6c8f",
        "name": "sec210",
        "x": 62.51058578491211,
        "y": 85.3389892578125,
        "imageId": 2131165296
    },
    {
        "id": "29e75ca9-f708-4167-95d9-d5d6d06ae536",
        "name": "sec201",
        "x": 60.36102294921875,
        "y": 83.49526977539062,
        "imageId": 2131165296
    },
    {
        "id": "8bbecfc6-7b43-44b7-96bc-5a71d54aa105",
        "name": "sec209",
        "x": 65.46757507324219,
        "y": 85.21044158935547,
        "imageId": 2131165296
    },
    {
        "id": "7829c390-d0b2-4084-a639-f3c2782cefc3",
        "name": "sec208",
        "x": 68.4232406616211,
        "y": 85.20890808105469,
        "imageId": 2131165296
    },
    {
        "id": "9e7bb61b-2604-472e-9fa6-75d4d824130b",
        "name": "sec207",
        "x": 70.89215850830078,
        "y": 85.24166107177734,
        "imageId": 2131165296
    },
    {
        "id": "225e6eb7-653f-43ec-9463-74b63bac5954",
        "name": "sec206",
        "x": 73.5570068359375,
        "y": 85.18116760253906,
        "imageId": 2131165296
    },
    {
        "id": "335fa1a1-711a-4d23-8124-815bca157d07",
        "name": "sec205",
        "x": 76.24322509765625,
        "y": 85.37017822265625,
        "imageId": 2131165296
    },
    {
        "id": "307a9c40-f539-4be6-b56a-6f7720586e82",
        "name": "sec204",
        "x": 77.11966705322266,
        "y": 83.41966247558594,
        "imageId": 2131165296
    },
    {
        "id": "69846909-c5ed-4a59-b38f-123fb69c1226",
        "name": "sec203",
        "x": 71.75079345703125,
        "y": 83.53558349609375,
        "imageId": 2131165296
    },
    {
        "id": "ba91fcef-2fee-4b2d-b7bf-3350185a8ddc",
        "name": "sec202",
        "x": 66.22871398925781,
        "y": 83.43477630615234,
        "imageId": 2131165296
    },
    {
        "id": "ef38d67e-f360-479f-b915-289749305ee5",
        "name": "sec219f",
        "x": 87.96910858154297,
        "y": 83.68539428710938,
        "imageId": 2131165296
    },
    {
        "id": "190a1cf4-dc97-4c4e-8e1b-db16deb980a9",
        "name": "sec219b",
        "x": 93.48053741455078,
        "y": 83.66523742675781,
        "imageId": 2131165296
    },
    {
        "id": "53755b2f-67e5-4bd0-be63-512cb1e2c58f",
        "name": "sec221",
        "x": 87.40264892578125,
        "y": 85.75760650634766,
        "imageId": 2131165296
    },
    {
        "id": "209468c1-6354-441e-aa6f-0e7313125001",
        "name": "sec220",
        "x": 90.47366333007812,
        "y": 86.10285186767578,
        "imageId": 2131165296
    },
    {
        "id": "eddbb654-e3e2-41f6-9d7e-2d10a4695601",
        "name": "seb208b",
        "x": 51.2174072265625,
        "y": 74.63314056396484,
        "imageId": 2131165296
    },
    {
        "id": "9b232f36-18bd-4647-8c3e-6a20b2259a7a",
        "name": "seb208f",
        "x": 51.2869758605957,
        "y": 68.33016967773438,
        "imageId": 2131165296
    },
    {
        "id": "6ab55597-a620-4b92-a5e5-32714817210b",
        "name": "seb201",
        "x": 38.17783737182617,
        "y": 60.49416732788086,
        "imageId": 2131165296
    },
    {
        "id": "cb43706e-3b36-486f-87c2-0c83c3f17b1b",
        "name": "seb202f",
        "x": 50.08774948120117,
        "y": 57.14501190185547,
        "imageId": 2131165296
    },
    {
        "id": "bd8f1824-71e1-4a8b-8bf9-8dbe420f1fb0",
        "name": "seb202b",
        "x": 57.78660583496094,
        "y": 55.416236877441406,
        "imageId": 2131165296
    },
    {
        "id": "bc503c45-b019-4828-904a-21cf6a755d02",
        "name": "seb203f",
        "x": 59.763877868652344,
        "y": 55.05335235595703,
        "imageId": 2131165296
    },
    {
        "id": "74900e60-0c86-4ffa-87bb-9c84b4d54307",
        "name": "seb203b",
        "x": 65.89517211914062,
        "y": 53.629512786865234,
        "imageId": 2131165296
    },
    {
        "id": "e6883e9d-4be6-490f-8021-e0dafac142b5",
        "name": "seb204b",
        "x": 73.25212097167969,
        "y": 51.93618392944336,
        "imageId": 2131165296
    },
    {
        "id": "df203410-8635-4d74-b1f1-14acb510af08",
        "name": "seb204f",
        "x": 67.44860076904297,
        "y": 53.17101287841797,
        "imageId": 2131165296
    },
    {
        "id": "df1b2e57-1373-484d-bcdf-0a4a18de1641",
        "name": "seb205",
        "x": 74.10002899169922,
        "y": 53.33229446411133,
        "imageId": 2131165296
    },
    {
        "id": "56a8de96-be6e-4ddc-b41d-759145f35a6a",
        "name": "seb206",
        "x": 65.52476501464844,
        "y": 55.41132736206055,
        "imageId": 2131165296
    },
    {
        "id": "2d1f9219-5357-46c5-8c2d-42fcb882b427",
        "name": "seb207f",
        "x": 55.18241500854492,
        "y": 57.712154388427734,
        "imageId": 2131165296
    },
    {
        "id": "4119ffb7-6a8c-4021-9fde-ce23ec27e8ee",
        "name": "seb207b",
        "x": 60.34468460083008,
        "y": 56.65120315551758,
        "imageId": 2131165296
    },
    {
        "id": "165419b1-50fe-4629-8c7d-0d468c87f2a1",
        "name": "sea201f",
        "x": 27.1607608795166,
        "y": 42.274879455566406,
        "imageId": 2131165296
    },
    {
        "id": "2a5a33b0-5624-4c02-b685-be7cd8133bcb",
        "name": "sea201b",
        "x": 20.86558723449707,
        "y": 35.70256805419922,
        "imageId": 2131165296
    },
    {
        "id": "4edac47c-4fad-4baa-9185-7c318d7d9e8d",
        "name": "sea202b",
        "x": 27.556201934814453,
        "y": 28.596010208129883,
        "imageId": 2131165296
    },
    {
        "id": "6885efc9-ec3b-4617-a744-ec4ca0dd2aa7",
        "name": "sea203",
        "x": 33.855525970458984,
        "y": 31.27509307861328,
        "imageId": 2131165296
    },
    {
        "id": "4bc7bd16-92ea-446d-bbe7-34d85a7efb34",
        "name": "sea205f",
        "x": 40.25783920288086,
        "y": 29.962125778198242,
        "imageId": 2131165296
    },
    {
        "id": "267f248d-89b1-4d46-aefb-197d57b876b3",
        "name": "sea214f",
        "x": 36.56644058227539,
        "y": 34.33987808227539,
        "imageId": 2131165296
    },
    {
        "id": "7f7414f2-70a6-4747-80c4-4ff0d7de2ed7",
        "name": "sea214b",
        "x": 42.440189361572266,
        "y": 31.73285675048828,
        "imageId": 2131165296
    },
    {
        "id": "0a18c1cd-b427-4754-a346-9b0b0ea3685b",
        "name": "sea208",
        "x": 66.3443603515625,
        "y": 18.83325958251953,
        "imageId": 2131165296
    },
    {
        "id": "490ee0ab-9ed9-490d-bd0e-b52d5bcb7c42",
        "name": "sea209b",
        "x": 69.5364990234375,
        "y": 19.88665771484375,
        "imageId": 2131165296
    },
    {
        "id": "7384662d-499c-49a8-9762-3052f4a22936",
        "name": "sea209f",
        "x": 65.09033203125,
        "y": 21.877511978149414,
        "imageId": 2131165296
    },
    {
        "id": "60b11848-51ab-480b-978b-0cc0aa4bf2bf",
        "name": "sea206",
        "x": 56.841922760009766,
        "y": 22.890857696533203,
        "imageId": 2131165296
    },
    {
        "id": "f2c5531d-5db0-4495-be31-af49a5e13712",
        "name": "sea211",
        "x": 53.34721755981445,
        "y": 27.174074172973633,
        "imageId": 2131165296
    },
    {
        "id": "a09bf5f2-e988-489e-96cd-315c50921257",
        "name": "sea205b",
        "x": 47.55054473876953,
        "y": 26.998550415039062,
        "imageId": 2131165296
    },
    {
        "id": "e48c674e-de93-429d-a89d-df168f734d23",
        "name": "sea202f",
        "x": 31.67758560180664,
        "y": 33.307857513427734,
        "imageId": 2131165296
    },
    {
        "id": "cde5ed9a-7c92-4a56-a750-1fac3f9dcaab",
        "name": "sea207",
        "x": 49.520687103271484,
        "y": 26.285371780395508,
        "imageId": 2131165296
    },
    {
        "id": "af497899-0230-466f-a21b-6664ba4ad481",
        "name": "sea212b",
        "x": 51.6373291015625,
        "y": 27.7109317779541,
        "imageId": 2131165296
    },
    {
        "id": "38543447-7547-4034-9b66-7bea9c3e3cb9",
        "name": "sea212f",
        "x": 46.120418548583984,
        "y": 29.976346969604492,
        "imageId": 2131165296
    },
    {
        "id": "921263b7-e271-47b7-af69-23c34a218e3c",
        "name": "sea213",
        "x": 43.79401397705078,
        "y": 31.042348861694336,
        "imageId": 2131165296
    },
    {
        "id": "0bf73761-6b12-4ae2-8969-cf42eb5572f0",
        "name": "sea210",
        "x": 55.68429946899414,
        "y": 26.140832901000977,
        "imageId": 2131165296
    },
    {
        "id": "586dc194-f59a-496e-868a-54c7fc3a293a",
        "name": "sea301",
        "x": 24.581771850585938,
        "y": 41.899017333984375,
        "imageId": 2131165297
    },
    {
        "id": "b43492e3-2a74-47a4-bfec-ed1a0d2f6672",
        "name": "sea302",
        "x": 23.275197982788086,
        "y": 40.36946105957031,
        "imageId": 2131165297
    },
    {
        "id": "5a9c5240-644c-4ee0-b529-6a1ff7de1ef5",
        "name": "sea303",
        "x": 27.713125228881836,
        "y": 31.877595901489258,
        "imageId": 2131165297
    },
    {
        "id": "3c81620b-b3c6-4718-9ae8-cc881963e586",
        "name": "sea304",
        "x": 26.018539428710938,
        "y": 30.26356315612793,
        "imageId": 2131165297
    },
    {
        "id": "8c69b04b-03bd-4165-9855-f2031a0966a3",
        "name": "sea314",
        "x": 35.98874282836914,
        "y": 35.208709716796875,
        "imageId": 2131165297
    },
    {
        "id": "42fb060e-fe1d-4ac9-b1da-e0098381f710",
        "name": "sea305",
        "x": 35.209068298339844,
        "y": 33.56096267700195,
        "imageId": 2131165297
    },
    {
        "id": "136574cd-3e88-4ad5-8579-85cecf8408d0",
        "name": "sea313",
        "x": 38.3000373840332,
        "y": 34.225830078125,
        "imageId": 2131165297
    },
    {
        "id": "20896950-8ebf-49e4-82e5-284fc63531f2",
        "name": "sea306f",
        "x": 38.05083465576172,
        "y": 30.929719924926758,
        "imageId": 2131165297
    },
    {
        "id": "444a6b44-b267-4154-aad6-341430c9e09d",
        "name": "sea312",
        "x": 40.43357849121094,
        "y": 33.15655517578125,
        "imageId": 2131165297
    },
    {
        "id": "700f8b3a-f1e5-4d68-9c59-7ee451ef6c75",
        "name": "sea311",
        "x": 42.69187927246094,
        "y": 31.959978103637695,
        "imageId": 2131165297
    },
    {
        "id": "076edc34-68a9-4f72-81ca-cb6fff3c8a4c",
        "name": "sea310",
        "x": 44.8295783996582,
        "y": 30.743545532226562,
        "imageId": 2131165297
    },
    {
        "id": "c98d1fba-afbe-4566-8c81-22e10ba584c5",
        "name": "sea309",
        "x": 47.17616653442383,
        "y": 29.784103393554688,
        "imageId": 2131165297
    },
    {
        "id": "f6d25076-d081-4af8-bd70-3e61be487894",
        "name": "sea306b",
        "x": 45.727378845214844,
        "y": 27.683198928833008,
        "imageId": 2131165297
    },
    {
        "id": "425fce09-8912-44f2-9ecd-a8ba2127ab9c",
        "name": "sea308f",
        "x": 49.793701171875,
        "y": 29.087871551513672,
        "imageId": 2131165297
    },
    {
        "id": "39dd0585-5e20-44c5-bbaf-c3d1ae989c19",
        "name": "sea307f",
        "x": 47.18032455444336,
        "y": 26.25664520263672,
        "imageId": 2131165297
    },
    {
        "id": "34cc37db-598b-4023-bc16-7c702adade4c",
        "name": "sea307b",
        "x": 54.789608001708984,
        "y": 23.008777618408203,
        "imageId": 2131165297
    },
    {
        "id": "110a9235-c060-4997-8f70-a3f6dd34976d",
        "name": "sea308b",
        "x": 57.01210403442383,
        "y": 25.17099952697754,
        "imageId": 2131165297
    },
    {
        "id": "52942d60-da7e-48e7-aca6-ace0454dcacc",
        "name": "sea316f",
        "x": 63.30891418457031,
        "y": 22.754474639892578,
        "imageId": 2131165297
    },
    {
        "id": "a9eb94a1-248c-495f-8906-7989a192f2ef",
        "name": "sea315",
        "x": 63.72548294067383,
        "y": 18.696884155273438,
        "imageId": 2131165297
    },
    {
        "id": "581f8231-a4e8-4128-8527-ee0ef1310ef0",
        "name": "sea316b",
        "x": 67.73160552978516,
        "y": 20.45502281188965,
        "imageId": 2131165297
    },
    {
        "id": "4d5fe905-fc15-4e86-b81b-5e34373e88d9",
        "name": "sec312",
        "x": 37.010528564453125,
        "y": 84.51817321777344,
        "imageId": 2131165297
    },
    {
        "id": "76409325-2084-41aa-b461-ee6846a559e7",
        "name": "sec313",
        "x": 37.122840881347656,
        "y": 82.91508483886719,
        "imageId": 2131165297
    },
    {
        "id": "881089d1-df84-451f-ba9f-befcebb18e9d",
        "name": "sec311f",
        "x": 49.0062370300293,
        "y": 86.35113525390625,
        "imageId": 2131165297
    },
    {
        "id": "4cd63f9b-3bb4-432f-8145-73e366cd20d5",
        "name": "sec311b",
        "x": 49.42385482788086,
        "y": 94.34064483642578,
        "imageId": 2131165297
    },
    {
        "id": "d17534e3-be6a-41ea-bb57-add6b8c17104",
        "name": "sec301",
        "x": 57.911407470703125,
        "y": 83.7061538696289,
        "imageId": 2131165297
    },
    {
        "id": "7221c9fe-6c29-4ac9-8ba7-91120d060545",
        "name": "sec310",
        "x": 60.82547378540039,
        "y": 85.48767852783203,
        "imageId": 2131165297
    },
    {
        "id": "91f37e7b-e422-49b8-b7b4-98d07ed2397a",
        "name": "sec309",
        "x": 62.88628005981445,
        "y": 85.82139587402344,
        "imageId": 2131165297
    },
    {
        "id": "948bd2d8-f085-418d-8293-f972d03a13a5",
        "name": "sec302f",
        "x": 63.350074768066406,
        "y": 83.59292602539062,
        "imageId": 2131165297
    },
    {
        "id": "97d33d06-0bcf-4c93-ac6f-f6a8c559c0da",
        "name": "sec308",
        "x": 66.63400268554688,
        "y": 85.8162841796875,
        "imageId": 2131165297
    },
    {
        "id": "57fe761c-4e29-4e79-92cd-c16724075e0f",
        "name": "sec302b",
        "x": 77.01409149169922,
        "y": 83.9059829711914,
        "imageId": 2131165297
    },
    {
        "id": "6f75a8b4-a703-4301-9925-638ac3fc36b3",
        "name": "sec303",
        "x": 88.12644958496094,
        "y": 84.04352569580078,
        "imageId": 2131165297
    },
    {
        "id": "f2399ccd-a4ac-4977-80d3-f216288e3db9",
        "name": "sec305",
        "x": 87.78326416015625,
        "y": 85.56110382080078,
        "imageId": 2131165297
    },
    {
        "id": "c17fc6fd-5296-415b-b099-0382bb0a2319",
        "name": "sec304",
        "x": 92.86146545410156,
        "y": 86.922607421875,
        "imageId": 2131165297
    },
    {
        "id": "3bfa7ea2-bb32-4f73-bb01-0c7d9a46523d",
        "name": "seb305",
        "x": 72.44236755371094,
        "y": 52.07304382324219,
        "imageId": 2131165297
    },
    {
        "id": "608e1ab3-14fe-4893-9f5e-af9dddbb22f2",
        "name": "seb306",
        "x": 70.57686614990234,
        "y": 54.260643005371094,
        "imageId": 2131165297
    },
    {
        "id": "08c4a6f8-b574-4a34-8795-c606e11362db",
        "name": "seb304b",
        "x": 67.04540252685547,
        "y": 52.75032424926758,
        "imageId": 2131165297
    },
    {
        "id": "91c2412a-2a29-440d-b7ed-f2a17fff9d3d",
        "name": "seb307",
        "x": 65.37165832519531,
        "y": 55.534786224365234,
        "imageId": 2131165297
    },
    {
        "id": "e267e5c2-178b-4509-b508-b79cea729df5",
        "name": "seb308",
        "x": 61.777889251708984,
        "y": 56.537288665771484,
        "imageId": 2131165297
    },
    {
        "id": "1d68da2c-86e3-4e45-855d-d67279885b26",
        "name": "seb304f",
        "x": 59.186988830566406,
        "y": 55.21876907348633,
        "imageId": 2131165297
    },
    {
        "id": "b3da351c-c0b5-4fa0-b687-6414fa75c434",
        "name": "seb309",
        "x": 55.474735260009766,
        "y": 58.4857292175293,
        "imageId": 2131165297
    },
    {
        "id": "cd299c62-fc65-498e-860d-c1b7524a148b",
        "name": "seb303b",
        "x": 57.248260498046875,
        "y": 55.56953430175781,
        "imageId": 2131165297
    },
    {
        "id": "255d6542-2e5e-480a-a4b6-724dbaaecd2e",
        "name": "seb303f",
        "x": 49.835819244384766,
        "y": 57.48321533203125,
        "imageId": 2131165297
    },
    {
        "id": "1509e5b6-9102-40a9-b503-7ce922e6f742",
        "name": "seb310",
        "x": 51.31575012207031,
        "y": 59.25801467895508,
        "imageId": 2131165297
    },
    {
        "id": "28b47ecf-38b5-4980-aaeb-2e5576727de9",
        "name": "seb302",
        "x": 40.003231048583984,
        "y": 60.01270294189453,
        "imageId": 2131165297
    },
    {
        "id": "2ffe5674-806a-4a99-b035-8a21a8e4e175",
        "name": "seb301",
        "x": 31.403541564941406,
        "y": 63.401424407958984,
        "imageId": 2131165297
    },
    {
        "id": "dd0518af-e813-43ee-9a3f-52c9e7380622",
        "name": "sea316b",
        "x": 67.33075714111328,
        "y": 20.421546936035156,
        "imageId": 2131165297
    },
    {
        "id": "868dfbb1-af08-4e86-8f07-e0743a218af1",
        "name": "sea315",
        "x": 63.525413513183594,
        "y": 19.030677795410156,
        "imageId": 2131165297
    },
    {
        "id": "095b8f32-ee34-40b3-92d0-37a32c69b4bc",
        "name": "sea316f",
        "x": 62.77527618408203,
        "y": 22.467670440673828,
        "imageId": 2131165297
    },
    {
        "id": "b5c49515-f599-4240-95be-91af62c2e86f",
        "name": "sea308b",
        "x": 57.1068229675293,
        "y": 25.525718688964844,
        "imageId": 2131165297
    },
    {
        "id": "4a66011d-299b-4590-90b4-2838f91332d0",
        "name": "sea401",
        "x": 15.417096138000488,
        "y": 64.93428802490234,
        "imageId": 2131165298
    },
    {
        "id": "24778cba-5a9e-4579-ae03-4a76be6481a9",
        "name": "sea4dark",
        "x": 26.655885696411133,
        "y": 60.45946502685547,
        "imageId": 2131165298
    },
    {
        "id": "e8e7c0bd-d965-4b46-aac3-410784ed4306",
        "name": "sea403f",
        "x": 30.550701141357422,
        "y": 58.46754455566406,
        "imageId": 2131165298
    },
    {
        "id": "7109a338-6fca-4775-9410-9f4a0d30b771",
        "name": "sea404f",
        "x": 29.9885311126709,
        "y": 43.00105285644531,
        "imageId": 2131165298
    },
    {
        "id": "36570d4d-c04e-40d1-9dd4-7e085fe7f08d",
        "name": "sea407f",
        "x": 37.372188568115234,
        "y": 59.67949676513672,
        "imageId": 2131165298
    },
    {
        "id": "80db20c1-a199-4b86-8d0e-a7bd0c0f5393",
        "name": "sea417f",
        "x": 35.862728118896484,
        "y": 65.26189422607422,
        "imageId": 2131165298
    },
    {
        "id": "d8784b59-ade2-4a35-8c02-5534b063a360",
        "name": "sea416",
        "x": 47.144500732421875,
        "y": 65.1932601928711,
        "imageId": 2131165298
    },
    {
        "id": "987095ed-e13f-4197-84f3-fdb885f5da34",
        "name": "sea415f",
        "x": 51.43730545043945,
        "y": 65.38606262207031,
        "imageId": 2131165298
    },
    {
        "id": "e9e35a84-001d-4e62-840f-02527f1478da",
        "name": "sea407b",
        "x": 52.95795822143555,
        "y": 58.89101028442383,
        "imageId": 2131165298
    },
    {
        "id": "b3b2e98f-995d-492d-b434-c545e2f8d2c5",
        "name": "sea408f",
        "x": 56.526554107666016,
        "y": 59.51247787475586,
        "imageId": 2131165298
    },
    {
        "id": "d9fb0803-e5d0-4a28-b36a-ba856df7c005",
        "name": "sea414f",
        "x": 58.54875946044922,
        "y": 66.65852355957031,
        "imageId": 2131165298
    },
    {
        "id": "de4eeb39-b28b-4afd-bc2b-9a82d8621d86",
        "name": "sea414b",
        "x": 68.06903839111328,
        "y": 66.29591369628906,
        "imageId": 2131165298
    },
    {
        "id": "1b5b12c8-93bc-41fe-8ba6-c7f3c0025106",
        "name": "sea413",
        "x": 70.07524108886719,
        "y": 65.33300018310547,
        "imageId": 2131165298
    },
    {
        "id": "d4669c56-f2cb-47a1-9d3d-da37a9c7a07c",
        "name": "sea408b",
        "x": 71.50880432128906,
        "y": 59.18362808227539,
        "imageId": 2131165298
    },
    {
        "id": "2e8116d5-60e1-4412-9e7f-a6f82a0ed9f1",
        "name": "sea412",
        "x": 81.53604888916016,
        "y": 65.26834106445312,
        "imageId": 2131165298
    },
    {
        "id": "4bf3283f-a6d6-457f-b953-bd896f4f36dd",
        "name": "sea411",
        "x": 85.3043441772461,
        "y": 76.60122680664062,
        "imageId": 2131165298
    },
    {
        "id": "f362cce6-7361-4f19-ac2c-a59e2219c655",
        "name": "sea409",
        "x": 86.63111114501953,
        "y": 59.327239990234375,
        "imageId": 2131165298
    },
    {
        "id": "33746900-6e70-40dc-9b59-aece0f9bbe5e",
        "name": "sea410",
        "x": 88.79692840576172,
        "y": 65.49458312988281,
        "imageId": 2131165298
    },
    {
        "id": "39a0687a-abb8-400c-b3bd-92fba90eb2a0",
        "name": "sea501",
        "x": 25.605928421020508,
        "y": 61.12555694580078,
        "imageId": 2131165299
    },
    {
        "id": "9cc84626-ac2c-4dc1-90d9-7de8a8563c2b",
        "name": "sea516",
        "x": 31.434926986694336,
        "y": 69.18673706054688,
        "imageId": 2131165299
    },
    {
        "id": "e606a56b-e410-4853-9553-195d1d455d6d",
        "name": "sea504",
        "x": 32.16361999511719,
        "y": 61.97163391113281,
        "imageId": 2131165299
    },
    {
        "id": "af9b17e9-ac1b-4cd2-8742-35ebf0094086",
        "name": "sea515f",
        "x": 35.585914611816406,
        "y": 71.01056671142578,
        "imageId": 2131165299
    },
    {
        "id": "375f1b29-a140-4b37-9a57-c4d915d1b933",
        "name": "sea505f",
        "x": 39.7947883605957,
        "y": 62.2108154296875,
        "imageId": 2131165299
    },
    {
        "id": "eab6f9b5-11bf-4d77-acf6-b0c7084352b6",
        "name": "sea515b",
        "x": 45.7668571472168,
        "y": 71.31716918945312,
        "imageId": 2131165299
    },
    {
        "id": "9148b76f-ed76-489b-aea9-d6c6fec386a5",
        "name": "sea514",
        "x": 48.095272064208984,
        "y": 69.49008178710938,
        "imageId": 2131165299
    },
    {
        "id": "132fdce0-fb11-4403-b982-00d9cceb7af3",
        "name": "sea505b",
        "x": 48.8352165222168,
        "y": 61.818050384521484,
        "imageId": 2131165299
    },
    {
        "id": "f614ac03-5191-4b8e-9b9f-50f832009854",
        "name": "sea507f",
        "x": 52.54081344604492,
        "y": 61.628456115722656,
        "imageId": 2131165299
    },
    {
        "id": "3524a30e-6bdc-49fd-ac4f-4a302e98b88c",
        "name": "sea513f",
        "x": 52.15821838378906,
        "y": 71.19689178466797,
        "imageId": 2131165299
    },
    {
        "id": "33b77c2d-17f8-43f3-bea9-beb12eacecc2",
        "name": "sea513b",
        "x": 62.26993942260742,
        "y": 71.58380126953125,
        "imageId": 2131165299
    },
    {
        "id": "2ffe5de8-ce8f-440b-a8ec-77c9cefd8156",
        "name": "sea507b",
        "x": 62.16032409667969,
        "y": 63.765411376953125,
        "imageId": 2131165299
    },
    {
        "id": "2dd771b2-9b75-4f4d-a3c5-e9156ccd236b",
        "name": "sea512",
        "x": 64.34971618652344,
        "y": 69.04093170166016,
        "imageId": 2131165299
    },
    {
        "id": "edf724ad-2d51-45cd-98a1-c129636c9851",
        "name": "sea509",
        "x": 64.42755889892578,
        "y": 61.895572662353516,
        "imageId": 2131165299
    },
    {
        "id": "fb91dfad-85f7-4a74-b8fc-cb0bcbf34ece",
        "name": "sea511",
        "x": 68.2611083984375,
        "y": 69.04708862304688,
        "imageId": 2131165299
    },
    {
        "id": "bd1b925a-1ac9-4df6-860d-e4a9b2317fda",
        "name": "sea510",
        "x": 85.91199493408203,
        "y": 62.81660079956055,
        "imageId": 2131165299
    },
    {
        "id": "58d8d44b-04f4-47f8-b2cc-2e6b38f70fde",
        "name": "seb1 ",
        "x": 39.551795959472656,
        "y": 55.20441436767578,
        "imageId": 2131165295
    },
    {
        "id": "916806cf-9fd9-41bd-b975-1749291483ec",
        "name": "seb401",
        "x": 21.5928897857666,
        "y": 45.721649169921875,
        "imageId": 2131165300
    },
    {
        "id": "e3e15e1e-7361-408a-82fb-58823a1bce86",
        "name": "seb402b",
        "x": 23.973342895507812,
        "y": 62.98015213012695,
        "imageId": 2131165300
    },
    {
        "id": "ab642d8c-7954-4a48-b0ef-0a2a2919fa7d",
        "name": "seb402f",
        "x": 34.64710235595703,
        "y": 63.057010650634766,
        "imageId": 2131165300
    },
    {
        "id": "3eb1576f-d9c8-4052-b861-7f2b5768d565",
        "name": "seb416",
        "x": 49.79465103149414,
        "y": 68.3743667602539,
        "imageId": 2131165300
    },
    {
        "id": "cb879c05-16c8-4ef6-875a-88df9ad6cd91",
        "name": "seb403f",
        "x": 50.87617111206055,
        "y": 62.87931823730469,
        "imageId": 2131165300
    },
    {
        "id": "4a380d3b-0ff7-4566-b751-4c0558148ce7",
        "name": "seb415",
        "x": 54.223899841308594,
        "y": 68.60690307617188,
        "imageId": 2131165300
    },
    {
        "id": "66b30a67-5c26-4820-9e84-f9f37a8ba022",
        "name": "seb414",
        "x": 58.46512985229492,
        "y": 68.32197570800781,
        "imageId": 2131165300
    },
    {
        "id": "ae997cb8-87f1-4f78-9ef5-5659cda41144",
        "name": "seb413",
        "x": 63.010520935058594,
        "y": 68.58194732666016,
        "imageId": 2131165300
    },
    {
        "id": "ea8acdef-2020-4b63-b885-c4e335c9c126",
        "name": "seb403b",
        "x": 64.64363098144531,
        "y": 63.14189529418945,
        "imageId": 2131165300
    },
    {
        "id": "7aca4a54-3918-4faa-9b6d-60823eb74d82",
        "name": "seb412",
        "x": 67.24075317382812,
        "y": 68.6009521484375,
        "imageId": 2131165300
    },
    {
        "id": "25dc9a0f-ff48-4274-9c45-9545d893288a",
        "name": "seb404f",
        "x": 67.83889770507812,
        "y": 63.20636749267578,
        "imageId": 2131165300
    },
    {
        "id": "082280ee-93f1-4c73-80ec-5f68b2d378f3",
        "name": "seb411",
        "x": 71.66710662841797,
        "y": 68.64998626708984,
        "imageId": 2131165300
    },
    {
        "id": "db5146cb-8671-40a5-8482-84355d022187",
        "name": "seb410",
        "x": 76.52371215820312,
        "y": 68.52718353271484,
        "imageId": 2131165300
    },
    {
        "id": "ec68b691-38b8-4b26-b460-f568511ccb4a",
        "name": "seb405",
        "x": 76.18531799316406,
        "y": 63.21170425415039,
        "imageId": 2131165300
    },
    {
        "id": "0d0fc41b-c1d3-4dba-ad05-b4a87580b8ee",
        "name": "seb409",
        "x": 80.58969116210938,
        "y": 68.43694305419922,
        "imageId": 2131165300
    },
    {
        "id": "7b499795-c24f-405a-b833-f652c438d299",
        "name": "seb408",
        "x": 85.19001770019531,
        "y": 68.35755920410156,
        "imageId": 2131165300
    },
    {
        "id": "aa2a023a-2066-4f65-9084-bbc2033e2044",
        "name": "seb406",
        "x": 90.3544692993164,
        "y": 63.158546447753906,
        "imageId": 2131165300
    },
    {
        "id": "0f4d3c5f-9c61-42d6-b495-f4717a3bd682",
        "name": "seb407",
        "x": 88.89725494384766,
        "y": 68.37963104248047,
        "imageId": 2131165300
    },
    {
        "id": "656ab1c6-61fa-4b0b-9ae8-766d9ba4eb0b",
        "name": "sec4 elevator",
        "x": 28.22801971435547,
        "y": 50.31858825683594,
        "imageId": 2131165301
    },
    {
        "id": "22bdeb6c-ec2a-4b90-85d1-340eef344a35",
        "name": "sec419",
        "x": 30.19976234436035,
        "y": 66.63758850097656,
        "imageId": 2131165301
    },
    {
        "id": "6edd5072-be11-4b54-9069-6d78a0aec0ed",
        "name": "sec420f",
        "x": 30.762313842773438,
        "y": 75.2066650390625,
        "imageId": 2131165301
    },
    {
        "id": "bc236c69-1ddd-4bdd-952d-f8ac0872bd99",
        "name": "sec420b",
        "x": 30.570384979248047,
        "y": 88.87684631347656,
        "imageId": 2131165301
    },
    {
        "id": "64c9b99a-f949-485c-92f4-cd80a0104003",
        "name": "sec401",
        "x": 34.798728942871094,
        "y": 59.05976867675781,
        "imageId": 2131165301
    },
    {
        "id": "d16fba2c-4ee2-4db3-bce4-01035a5ebaeb",
        "name": "sec404",
        "x": 80.09688568115234,
        "y": 59.34395217895508,
        "imageId": 2131165301
    },
    {
        "id": "c2a7ab59-06f6-40c9-8b6d-fbab6093aa2e",
        "name": "sec405",
        "x": 89.43525695800781,
        "y": 67.76742553710938,
        "imageId": 2131165301
    },
    {
        "id": "563a0868-2d79-4006-bdf5-f123624cc52e",
        "name": "sec406",
        "x": 86.19230651855469,
        "y": 67.03947448730469,
        "imageId": 2131165301
    },
    {
        "id": "e1b0f133-c2e7-48fa-86e4-20acd9c9e666",
        "name": "sec407",
        "x": 82.65815734863281,
        "y": 65.29237365722656,
        "imageId": 2131165301
    },
    {
        "id": "5b4253d9-c03f-4306-886a-aa836c949c4d",
        "name": "sec408",
        "x": 79.60713195800781,
        "y": 64.0860595703125,
        "imageId": 2131165301
    },
    {
        "id": "2ea45d68-76a6-4eb4-a69f-2f4281717660",
        "name": "sec409",
        "x": 65.48392486572266,
        "y": 63.98371505737305,
        "imageId": 2131165301
    },
    {
        "id": "ee7b6a4d-b323-4963-958e-79196af088bf",
        "name": "sec403b",
        "x": 66.4501953125,
        "y": 59.075225830078125,
        "imageId": 2131165301
    },
    {
        "id": "f27582e4-5519-4fa1-b161-82a39b50c70c",
        "name": "sec403f",
        "x": 55.67565155029297,
        "y": 59.366397857666016,
        "imageId": 2131165301
    },
    {
        "id": "0ddbadb2-d482-4c56-ab07-57bb197e59f8",
        "name": "sec411",
        "x": 58.97816848754883,
        "y": 63.8381233215332,
        "imageId": 2131165301
    },
    {
        "id": "35785b75-fb37-4a2f-96e8-1d99a3bfae8c",
        "name": "sec412",
        "x": 55.268550872802734,
        "y": 63.97332000732422,
        "imageId": 2131165301
    },
    {
        "id": "9f388927-716c-45fe-9e57-87eb88c6a844",
        "name": "sec410",
        "x": 62.06228256225586,
        "y": 63.609344482421875,
        "imageId": 2131165301
    },
    {
        "id": "f4234352-698c-4a68-b1e8-fb40a0d8aeb7",
        "name": "sec413",
        "x": 51.7608642578125,
        "y": 63.72373580932617,
        "imageId": 2131165301
    },
    {
        "id": "720fc105-2c1d-4f99-99d8-48a438869613",
        "name": "sec414",
        "x": 48.53562927246094,
        "y": 63.74387741088867,
        "imageId": 2131165301
    },
    {
        "id": "328bf48f-7371-4ccc-9cb2-f2376554a28b",
        "name": "sec415",
        "x": 44.75922393798828,
        "y": 63.55229568481445,
        "imageId": 2131165301
    },
    {
        "id": "e62b748c-c93a-428f-9f1c-19bb7e64ec78",
        "name": "sec402f",
        "x": 41.9062614440918,
        "y": 59.50159454345703,
        "imageId": 2131165301
    },
    {
        "id": "7647a33b-9f99-4bd5-b1c3-e467e91f1ad2",
        "name": "sec402b",
        "x": 52.2175178527832,
        "y": 59.50159454345703,
        "imageId": 2131165301
    },
    {
        "id": "b2a7cc49-5b93-4709-a685-a19d731fd6a2",
        "name": "sec416",
        "x": 41.3574333190918,
        "y": 63.406700134277344,
        "imageId": 2131165301
    },
    {
        "id": "a97df036-2819-46ff-ab1b-41dc4d4da10c",
        "name": "sec417",
        "x": 37.737239837646484,
        "y": 63.80187225341797,
        "imageId": 2131165301
    },
    {
        "id": "dadc20c4-479f-43e1-811a-e4530bf9b980",
        "name": "sec418",
        "x": 34.69944763183594,
        "y": 62.88039016723633,
        "imageId": 2131165301
    },
    {
        "id": "907f60f1-d11d-4ba7-92e3-e40e559b9de9",
        "name": "sec511",
        "x": 28.412708282470703,
        "y": 59.077015,
        "imageId": 2131165302
    },
    {
        "id": "5f0f1fbb-ddd7-4741-a8a8-8a4294dfe8e2",
        "name": "sec501",
        "x": 28.412708282470703,
        "y": 54.377628,
        "imageId": 2131165302
    },
    {
        "id": "61f3ac3f-abe3-4af2-9189-0b16315dc6bc",
        "name": "sec502",
        "x": 35.90259,
        "y": 54.377628,
        "imageId": 2131165302
    },
    {
        "id": "ab14f584-baeb-49fb-850a-a43761a8973e",
        "name": "sec510",
        "x": 35.90259,
        "y": 59.077015,
        "imageId": 2131165302
    },
    {
        "id": "f7e88028-357b-473d-b08e-063e7513bdd2",
        "name": "sec509",
        "x": 42.86109161376953,
        "y": 59.077015,
        "imageId": 2131165302
    },
    {
        "id": "b7bc4dba-a98f-4a80-9f65-c0e3eee753ed",
        "name": "sec503",
        "x": 47.365142822265625,
        "y": 54.377628,
        "imageId": 2131165302
    },
    {
        "id": "16aefd1b-f1f7-489b-8c66-ca60f257ac7a",
        "name": "sec508",
        "x": 50.717873,
        "y": 59.077015,
        "imageId": 2131165302
    },
    {
        "id": "0899d77f-153b-473f-b261-782f4a630581",
        "name": "sec504",
        "x": 50.717873,
        "y": 54.377628,
        "imageId": 2131165302
    },
    {
        "id": "692c909c-cb3b-4994-8a12-b594061d6f74",
        "name": "sec507",
        "x": 57.78739547729492,
        "y": 59.077015,
        "imageId": 2131165302
    },
    {
        "id": "9e4160a9-c56e-4ae0-b505-79cac4e09dc3",
        "name": "sec505",
        "x": 62.01310729980469,
        "y": 54.377628,
        "imageId": 2131165302
    },
    {
        "id": "8e9c670e-4164-4f9f-b521-66e6cfe8f10a",
        "name": "sec506",
        "x": 76.36027526855469,
        "y": 59.947513580322266,
        "imageId": 2131165302
    }
]